currency,currencyLabel,shortName,jurisdictionLabel,startTime,price,unitSymbol
http://www.wikidata.org/entity/Q8146,японская иена,JP¥,Япония,1871-07-01T00:00:00Z,0.0101948230688456,円
http://www.wikidata.org/entity/Q560355,золотая марка,Mk,Германская империя,1871-12-04T00:00:00Z,1.176,ℳ
http://www.wikidata.org/entity/Q132643,норвежская крона,NOK,Norway,1875-01-01T00:00:00Z,0.64,kr
http://www.wikidata.org/entity/Q132643,норвежская крона,NOK,Norway,1875-01-01T00:00:00Z,0.086,kr
http://www.wikidata.org/entity/Q132643,норвежская крона,NOK,Norway,1875-01-01T00:00:00Z,0.094,kr
http://www.wikidata.org/entity/Q132643,норвежская крона,NOK,Norway,1875-01-01T00:00:00Z,0.99,kr
http://www.wikidata.org/entity/Q132643,норвежская крона,NOK,Norway,1875-01-01T00:00:00Z,0.64,kr
http://www.wikidata.org/entity/Q132643,норвежская крона,NOK,Norway,1875-01-01T00:00:00Z,0.086,kr
http://www.wikidata.org/entity/Q132643,норвежская крона,NOK,Norway,1875-01-01T00:00:00Z,0.094,kr
http://www.wikidata.org/entity/Q132643,норвежская крона,NOK,Norway,1875-01-01T00:00:00Z,0.99,kr
http://www.wikidata.org/entity/Q132643,норвежская крона,NOK,Norway,1875-01-01T00:00:00Z,0.64,kr
http://www.wikidata.org/entity/Q132643,норвежская крона,NOK,Norway,1875-01-01T00:00:00Z,0.086,kr
http://www.wikidata.org/entity/Q132643,норвежская крона,NOK,Norway,1875-01-01T00:00:00Z,0.094,kr
http://www.wikidata.org/entity/Q132643,норвежская крона,NOK,Norway,1875-01-01T00:00:00Z,0.99,kr
http://www.wikidata.org/entity/Q8146,японская иена,JP¥,Japan,1871-07-01T00:00:00Z,0.013,¥
http://www.wikidata.org/entity/Q8146,японская иена,JP¥,Japan,1871-07-01T00:00:00Z,0.015,¥
http://www.wikidata.org/entity/Q8146,японская иена,JP¥,Japan,1871-07-01T00:00:00Z,0.064,¥
http://www.wikidata.org/entity/Q8146,японская иена,JP¥,Japan,1871-07-01T00:00:00Z,0.0075,¥
http://www.wikidata.org/entity/Q8146,японская иена,JP¥,Japan,1871-07-01T00:00:00Z,0.0086,¥
http://www.wikidata.org/entity/Q8146,японская иена,JP¥,Japan,1871-07-01T00:00:00Z,0.0091,¥
http://www.wikidata.org/entity/Q8146,японская иена,JP¥,Japan,1871-07-01T00:00:00Z,0.092,¥
http://www.wikidata.org/entity/Q8146,японская иена,JP¥,Japan,1871-07-01T00:00:00Z,0.0094,¥
http://www.wikidata.org/entity/Q8146,японская иена,JP¥,Japan,1871-07-01T00:00:00Z,0.097,¥
http://www.wikidata.org/entity/Q8146,японская иена,JP¥,Japan,1871-07-01T00:00:00Z,11.45,¥
http://www.wikidata.org/entity/Q8146,японская иена,JP¥,Япония,1871-07-01T00:00:00Z,0.013,¥
http://www.wikidata.org/entity/Q8146,японская иена,JP¥,Япония,1871-07-01T00:00:00Z,0.015,¥
http://www.wikidata.org/entity/Q8146,японская иена,JP¥,Япония,1871-07-01T00:00:00Z,0.064,¥
http://www.wikidata.org/entity/Q8146,японская иена,JP¥,Япония,1871-07-01T00:00:00Z,0.0075,¥
http://www.wikidata.org/entity/Q8146,японская иена,JP¥,Япония,1871-07-01T00:00:00Z,0.0086,¥
http://www.wikidata.org/entity/Q8146,японская иена,JP¥,Япония,1871-07-01T00:00:00Z,0.0091,¥
http://www.wikidata.org/entity/Q8146,японская иена,JP¥,Япония,1871-07-01T00:00:00Z,0.092,¥
http://www.wikidata.org/entity/Q8146,японская иена,JP¥,Япония,1871-07-01T00:00:00Z,0.0094,¥
http://www.wikidata.org/entity/Q8146,японская иена,JP¥,Япония,1871-07-01T00:00:00Z,0.097,¥
http://www.wikidata.org/entity/Q8146,японская иена,JP¥,Япония,1871-07-01T00:00:00Z,11.45,¥
http://www.wikidata.org/entity/Q560355,золотая марка,Mk,Германская империя,1871-12-04T00:00:00Z,0.358423,ℳ
http://www.wikidata.org/entity/Q560355,золотая марка,Mk,Германская империя,1871-12-04T00:00:00Z,0.23866348448,ℳ
http://www.wikidata.org/entity/Q132643,норвежская крона,NOK,Norway,1875-01-01T00:00:00Z,0.20097674699037321381916112305806218220551882147235564845147416443917438752,kr
http://www.wikidata.org/entity/Q132643,норвежская крона,NOK,Norway,1875-01-01T00:00:00Z,0.20097674699037321381916112305806218220551882147235564845147416443917438752,kr
http://www.wikidata.org/entity/Q132643,норвежская крона,NOK,Norway,1875-01-01T00:00:00Z,0.20097674699037321381916112305806218220551882147235564845147416443917438752,kr
http://www.wikidata.org/entity/Q8146,японская иена,JP¥,Japan,1871-07-01T00:00:00Z,0.0067485633,¥
http://www.wikidata.org/entity/Q8146,японская иена,JP¥,Japan,1871-07-01T00:00:00Z,0.0101948230688456,¥
http://www.wikidata.org/entity/Q8146,японская иена,JP¥,Япония,1871-07-01T00:00:00Z,0.0067485633,¥
http://www.wikidata.org/entity/Q132643,норвежская крона,NOK,Norway,1875-01-01T00:00:00Z,0.64,kr
http://www.wikidata.org/entity/Q132643,норвежская крона,NOK,Norway,1875-01-01T00:00:00Z,0.086,kr
http://www.wikidata.org/entity/Q132643,норвежская крона,NOK,Norway,1875-01-01T00:00:00Z,0.094,kr
http://www.wikidata.org/entity/Q132643,норвежская крона,NOK,Norway,1875-01-01T00:00:00Z,0.99,kr
http://www.wikidata.org/entity/Q8146,японская иена,JP¥,Япония,1871-07-01T00:00:00Z,0.0101948230688456,¥
http://www.wikidata.org/entity/Q132643,норвежская крона,NOK,Norway,1875-01-01T00:00:00Z,0.64,kr
http://www.wikidata.org/entity/Q132643,норвежская крона,NOK,Norway,1875-01-01T00:00:00Z,0.086,kr
http://www.wikidata.org/entity/Q132643,норвежская крона,NOK,Norway,1875-01-01T00:00:00Z,0.094,kr
http://www.wikidata.org/entity/Q132643,норвежская крона,NOK,Norway,1875-01-01T00:00:00Z,0.99,kr
http://www.wikidata.org/entity/Q132643,норвежская крона,NOK,Norway,1875-01-01T00:00:00Z,0.64,kr
http://www.wikidata.org/entity/Q132643,норвежская крона,NOK,Norway,1875-01-01T00:00:00Z,0.086,kr
http://www.wikidata.org/entity/Q132643,норвежская крона,NOK,Norway,1875-01-01T00:00:00Z,0.094,kr
http://www.wikidata.org/entity/Q132643,норвежская крона,NOK,Norway,1875-01-01T00:00:00Z,0.99,kr
http://www.wikidata.org/entity/Q4917,доллар США,US dollar,США,1792-01-01T00:00:00Z,15,$
http://www.wikidata.org/entity/Q4917,доллар США,US dollar,США,1792-01-01T00:00:00Z,2.7,$
http://www.wikidata.org/entity/Q4917,доллар США,US dollar,США,1792-01-01T00:00:00Z,3.5,$
http://www.wikidata.org/entity/Q4917,доллар США,US dollar,США,1792-01-01T00:00:00Z,7.8,$
http://www.wikidata.org/entity/Q4917,доллар США,US dollar,США,1792-01-01T00:00:00Z,1.79,$
http://www.wikidata.org/entity/Q4917,доллар США,US dollar,США,1792-01-01T00:00:00Z,1.97,$
http://www.wikidata.org/entity/Q4917,доллар США,US dollar,США,1792-01-01T00:00:00Z,3.64,$
http://www.wikidata.org/entity/Q4917,доллар США,US dollar,США,1792-01-01T00:00:00Z,3.75,$
http://www.wikidata.org/entity/Q4917,доллар США,US dollar,США,1792-01-01T00:00:00Z,0.709,$
http://www.wikidata.org/entity/Q4917,доллар США,US dollar,США,1792-01-01T00:00:00Z,0.8403,$
http://www.wikidata.org/entity/Q4917,доллар США,US dollar,США,1792-01-01T00:00:00Z,1.2929,$
http://www.wikidata.org/entity/Q4917,доллар США,US dollar,США,1792-01-01T00:00:00Z,1507.5,$
http://www.wikidata.org/entity/Q132643,норвежская крона,NOK,Norway,1875-01-01T00:00:00Z,0.20097674699037321381916112305806218220551882147235564845147416443917438752,kr
http://www.wikidata.org/entity/Q4917,доллар США,US dollar,США,1792-01-01T00:00:00Z,0.29963,$
http://www.wikidata.org/entity/Q4917,доллар США,US dollar,США,1792-01-01T00:00:00Z,3.6725,$
http://www.wikidata.org/entity/Q1104069,канадский доллар,CA$,Канада,,0.685,$
http://www.wikidata.org/entity/Q1104069,канадский доллар,CA$,Канада,,0.703,$
http://www.wikidata.org/entity/Q132643,норвежская крона,NOK,Norway,1875-01-01T00:00:00Z,0.20097674699037321381916112305806218220551882147235564845147416443917438752,kr
http://www.wikidata.org/entity/Q132643,норвежская крона,NOK,Norway,1875-01-01T00:00:00Z,0.20097674699037321381916112305806218220551882147235564845147416443917438752,kr
http://www.wikidata.org/entity/Q4917,доллар США,US dollar,США,1792-01-01T00:00:00Z,177.721,$
http://www.wikidata.org/entity/Q1104069,канадский доллар,CA$,Канада,,0.685,¢
http://www.wikidata.org/entity/Q1104069,канадский доллар,CA$,Канада,,0.685,C$
http://www.wikidata.org/entity/Q1104069,канадский доллар,CA$,Канада,,0.685,CAD$
http://www.wikidata.org/entity/Q1104069,канадский доллар,CA$,Канада,,0.703,¢
http://www.wikidata.org/entity/Q1104069,канадский доллар,CA$,Канада,,0.703,C$
http://www.wikidata.org/entity/Q1104069,канадский доллар,CA$,Канада,,0.703,CAD$
http://www.wikidata.org/entity/Q1104069,канадский доллар,CA$,Канада,,0.685,C$
http://www.wikidata.org/entity/Q1104069,канадский доллар,CA$,Канада,,0.703,C$
http://www.wikidata.org/entity/Q4917,доллар США,US dollar,United States,1792-01-01T00:00:00Z,15,$
http://www.wikidata.org/entity/Q4917,доллар США,US dollar,United States,1792-01-01T00:00:00Z,2.7,$
http://www.wikidata.org/entity/Q4917,доллар США,US dollar,United States,1792-01-01T00:00:00Z,3.5,$
http://www.wikidata.org/entity/Q4917,доллар США,US dollar,United States,1792-01-01T00:00:00Z,7.8,$
http://www.wikidata.org/entity/Q4917,доллар США,US dollar,United States,1792-01-01T00:00:00Z,1.79,$
http://www.wikidata.org/entity/Q4917,доллар США,US dollar,United States,1792-01-01T00:00:00Z,1.97,$
http://www.wikidata.org/entity/Q4917,доллар США,US dollar,United States,1792-01-01T00:00:00Z,3.64,$
http://www.wikidata.org/entity/Q4917,доллар США,US dollar,United States,1792-01-01T00:00:00Z,3.75,$
http://www.wikidata.org/entity/Q4917,доллар США,US dollar,United States,1792-01-01T00:00:00Z,0.709,$
http://www.wikidata.org/entity/Q4917,доллар США,US dollar,United States,1792-01-01T00:00:00Z,0.8403,$
http://www.wikidata.org/entity/Q4917,доллар США,US dollar,United States,1792-01-01T00:00:00Z,1.2929,$
http://www.wikidata.org/entity/Q4917,доллар США,US dollar,United States,1792-01-01T00:00:00Z,1507.5,$
http://www.wikidata.org/entity/Q4917,доллар США,US dollar,United States,1792-01-01T00:00:00Z,0.29963,$
http://www.wikidata.org/entity/Q4917,доллар США,US dollar,United States,1792-01-01T00:00:00Z,3.6725,$
http://www.wikidata.org/entity/Q4917,доллар США,US dollar,United States,1792-01-01T00:00:00Z,177.721,$
http://www.wikidata.org/entity/Q560355,золотая марка,Mk,German Empire,1871-12-04T00:00:00Z,1.176,ℳ
http://www.wikidata.org/entity/Q560355,золотая марка,Mk,German Empire,1871-12-04T00:00:00Z,0.358423,ℳ
http://www.wikidata.org/entity/Q1104069,канадский доллар,CA$,Canada,,0.685,$
http://www.wikidata.org/entity/Q1104069,канадский доллар,CA$,Canada,,0.703,$
http://www.wikidata.org/entity/Q560355,золотая марка,Mk,German Empire,1871-12-04T00:00:00Z,0.23866348448,ℳ
http://www.wikidata.org/entity/Q1104069,канадский доллар,CA$,Canada,,0.685,¢
http://www.wikidata.org/entity/Q1104069,канадский доллар,CA$,Canada,,0.685,C$
http://www.wikidata.org/entity/Q1104069,канадский доллар,CA$,Canada,,0.685,CAD$
http://www.wikidata.org/entity/Q1104069,канадский доллар,CA$,Canada,,0.703,¢
http://www.wikidata.org/entity/Q1104069,канадский доллар,CA$,Canada,,0.703,C$
http://www.wikidata.org/entity/Q1104069,канадский доллар,CA$,Canada,,0.703,CAD$
http://www.wikidata.org/entity/Q1104069,канадский доллар,CA$,Canada,,0.685,C$
http://www.wikidata.org/entity/Q1104069,канадский доллар,CA$,Canada,,0.703,C$
http://www.wikidata.org/entity/Q132643,норвежская крона,NOK,Norway,1875-01-01T00:00:00Z,0.64,kr
http://www.wikidata.org/entity/Q132643,норвежская крона,NOK,Norway,1875-01-01T00:00:00Z,0.086,kr
http://www.wikidata.org/entity/Q132643,норвежская крона,NOK,Norway,1875-01-01T00:00:00Z,0.094,kr
http://www.wikidata.org/entity/Q132643,норвежская крона,NOK,Norway,1875-01-01T00:00:00Z,0.99,kr
http://www.wikidata.org/entity/Q132643,норвежская крона,NOK,Norway,1875-01-01T00:00:00Z,0.64,kr
http://www.wikidata.org/entity/Q132643,норвежская крона,NOK,Norway,1875-01-01T00:00:00Z,0.086,kr
http://www.wikidata.org/entity/Q132643,норвежская крона,NOK,Norway,1875-01-01T00:00:00Z,0.094,kr
http://www.wikidata.org/entity/Q132643,норвежская крона,NOK,Norway,1875-01-01T00:00:00Z,0.99,kr
http://www.wikidata.org/entity/Q132643,норвежская крона,NOK,Norway,1875-01-01T00:00:00Z,0.64,kr
http://www.wikidata.org/entity/Q132643,норвежская крона,NOK,Norway,1875-01-01T00:00:00Z,0.086,kr
http://www.wikidata.org/entity/Q132643,норвежская крона,NOK,Norway,1875-01-01T00:00:00Z,0.094,kr
http://www.wikidata.org/entity/Q132643,норвежская крона,NOK,Norway,1875-01-01T00:00:00Z,0.99,kr
http://www.wikidata.org/entity/Q8146,японская иена,JP¥,Japan,1871-07-01T00:00:00Z,0.013,円
http://www.wikidata.org/entity/Q8146,японская иена,JP¥,Japan,1871-07-01T00:00:00Z,0.015,円
http://www.wikidata.org/entity/Q8146,японская иена,JP¥,Japan,1871-07-01T00:00:00Z,0.064,円
http://www.wikidata.org/entity/Q8146,японская иена,JP¥,Japan,1871-07-01T00:00:00Z,0.0075,円
http://www.wikidata.org/entity/Q8146,японская иена,JP¥,Japan,1871-07-01T00:00:00Z,0.0086,円
http://www.wikidata.org/entity/Q8146,японская иена,JP¥,Japan,1871-07-01T00:00:00Z,0.0091,円
http://www.wikidata.org/entity/Q8146,японская иена,JP¥,Japan,1871-07-01T00:00:00Z,0.092,円
http://www.wikidata.org/entity/Q8146,японская иена,JP¥,Japan,1871-07-01T00:00:00Z,0.0094,円
http://www.wikidata.org/entity/Q8146,японская иена,JP¥,Japan,1871-07-01T00:00:00Z,0.097,円
http://www.wikidata.org/entity/Q8146,японская иена,JP¥,Japan,1871-07-01T00:00:00Z,11.45,円
http://www.wikidata.org/entity/Q132643,норвежская крона,NOK,Norway,1875-01-01T00:00:00Z,0.20097674699037321381916112305806218220551882147235564845147416443917438752,kr
http://www.wikidata.org/entity/Q132643,норвежская крона,NOK,Norway,1875-01-01T00:00:00Z,0.20097674699037321381916112305806218220551882147235564845147416443917438752,kr
http://www.wikidata.org/entity/Q132643,норвежская крона,NOK,Norway,1875-01-01T00:00:00Z,0.20097674699037321381916112305806218220551882147235564845147416443917438752,kr
http://www.wikidata.org/entity/Q8146,японская иена,JP¥,Япония,1871-07-01T00:00:00Z,0.013,円
http://www.wikidata.org/entity/Q8146,японская иена,JP¥,Япония,1871-07-01T00:00:00Z,0.015,円
http://www.wikidata.org/entity/Q8146,японская иена,JP¥,Япония,1871-07-01T00:00:00Z,0.064,円
http://www.wikidata.org/entity/Q8146,японская иена,JP¥,Япония,1871-07-01T00:00:00Z,0.0075,円
http://www.wikidata.org/entity/Q8146,японская иена,JP¥,Япония,1871-07-01T00:00:00Z,0.0086,円
http://www.wikidata.org/entity/Q8146,японская иена,JP¥,Япония,1871-07-01T00:00:00Z,0.0091,円
http://www.wikidata.org/entity/Q8146,японская иена,JP¥,Япония,1871-07-01T00:00:00Z,0.092,円
http://www.wikidata.org/entity/Q8146,японская иена,JP¥,Япония,1871-07-01T00:00:00Z,0.0094,円
http://www.wikidata.org/entity/Q8146,японская иена,JP¥,Япония,1871-07-01T00:00:00Z,0.097,円
http://www.wikidata.org/entity/Q8146,японская иена,JP¥,Япония,1871-07-01T00:00:00Z,11.45,円
http://www.wikidata.org/entity/Q8146,японская иена,JP¥,Japan,1871-07-01T00:00:00Z,0.0067485633,円
http://www.wikidata.org/entity/Q8146,японская иена,JP¥,Japan,1871-07-01T00:00:00Z,0.0101948230688456,円
http://www.wikidata.org/entity/Q8146,японская иена,JP¥,Япония,1871-07-01T00:00:00Z,0.0067485633,円
http://www.wikidata.org/entity/Q259502,австралийский доллар,AU$,Австралия,1966-02-14T00:00:00Z,0.5349,A$
http://www.wikidata.org/entity/Q259502,австралийский доллар,AU$,Австралия,1966-02-14T00:00:00Z,0.5349,AU$
http://www.wikidata.org/entity/Q259502,австралийский доллар,AU$,Австралия,1966-02-14T00:00:00Z,0.5349,A$
http://www.wikidata.org/entity/Q259502,австралийский доллар,AU$,Австралия,1966-02-14T00:00:00Z,0.5349,AUD
http://www.wikidata.org/entity/Q259502,австралийский доллар,AU$,Австралия,1966-02-14T00:00:00Z,0.5349,AU$
http://www.wikidata.org/entity/Q259502,австралийский доллар,AU$,Австралия,1966-02-14T00:00:00Z,0.6758,A$
http://www.wikidata.org/entity/Q259502,австралийский доллар,AU$,Австралия,1966-02-14T00:00:00Z,0.6758,AU$
http://www.wikidata.org/entity/Q259502,австралийский доллар,AU$,Австралия,1966-02-14T00:00:00Z,0.6758,A$
http://www.wikidata.org/entity/Q259502,австралийский доллар,AU$,Австралия,1966-02-14T00:00:00Z,0.6758,AUD
http://www.wikidata.org/entity/Q259502,австралийский доллар,AU$,Австралия,1966-02-14T00:00:00Z,0.6758,AU$
http://www.wikidata.org/entity/Q259502,австралийский доллар,AU$,Австралия,1966-02-14T00:00:00Z,0.61699,A$
http://www.wikidata.org/entity/Q259502,австралийский доллар,AU$,Австралия,1966-02-14T00:00:00Z,0.61699,AU$
http://www.wikidata.org/entity/Q259502,австралийский доллар,AU$,Австралия,1966-02-14T00:00:00Z,0.61699,A$
http://www.wikidata.org/entity/Q259502,австралийский доллар,AU$,Австралия,1966-02-14T00:00:00Z,0.61699,AUD
http://www.wikidata.org/entity/Q259502,австралийский доллар,AU$,Австралия,1966-02-14T00:00:00Z,0.61699,AU$
http://www.wikidata.org/entity/Q259502,австралийский доллар,AU$,Australia,1966-02-14T00:00:00Z,0.5349,A$
http://www.wikidata.org/entity/Q259502,австралийский доллар,AU$,Australia,1966-02-14T00:00:00Z,0.5349,AU$
http://www.wikidata.org/entity/Q259502,австралийский доллар,AU$,Australia,1966-02-14T00:00:00Z,0.5349,A$
http://www.wikidata.org/entity/Q259502,австралийский доллар,AU$,Australia,1966-02-14T00:00:00Z,0.5349,AUD
http://www.wikidata.org/entity/Q259502,австралийский доллар,AU$,Australia,1966-02-14T00:00:00Z,0.5349,AU$
http://www.wikidata.org/entity/Q259502,австралийский доллар,AU$,Australia,1966-02-14T00:00:00Z,0.6758,A$
http://www.wikidata.org/entity/Q259502,австралийский доллар,AU$,Australia,1966-02-14T00:00:00Z,0.6758,AU$
http://www.wikidata.org/entity/Q259502,австралийский доллар,AU$,Australia,1966-02-14T00:00:00Z,0.6758,A$
http://www.wikidata.org/entity/Q259502,австралийский доллар,AU$,Australia,1966-02-14T00:00:00Z,0.6758,AUD
http://www.wikidata.org/entity/Q259502,австралийский доллар,AU$,Australia,1966-02-14T00:00:00Z,0.6758,AU$
http://www.wikidata.org/entity/Q259502,австралийский доллар,AU$,Australia,1966-02-14T00:00:00Z,0.61699,A$
http://www.wikidata.org/entity/Q259502,австралийский доллар,AU$,Australia,1966-02-14T00:00:00Z,0.61699,AU$
http://www.wikidata.org/entity/Q259502,австралийский доллар,AU$,Australia,1966-02-14T00:00:00Z,0.61699,A$
http://www.wikidata.org/entity/Q259502,австралийский доллар,AU$,Australia,1966-02-14T00:00:00Z,0.61699,AUD
http://www.wikidata.org/entity/Q259502,австралийский доллар,AU$,Australia,1966-02-14T00:00:00Z,0.61699,AU$
http://www.wikidata.org/entity/Q259502,австралийский доллар,AU$,Австралия,1966-02-14T00:00:00Z,0.5349,A$
http://www.wikidata.org/entity/Q259502,австралийский доллар,AU$,Австралия,1966-02-14T00:00:00Z,0.5349,AU$
http://www.wikidata.org/entity/Q259502,австралийский доллар,AU$,Австралия,1966-02-14T00:00:00Z,0.5349,A$
http://www.wikidata.org/entity/Q259502,австралийский доллар,AU$,Австралия,1966-02-14T00:00:00Z,0.5349,AUD
http://www.wikidata.org/entity/Q259502,австралийский доллар,AU$,Австралия,1966-02-14T00:00:00Z,0.5349,AU$
http://www.wikidata.org/entity/Q259502,австралийский доллар,AU$,Австралия,1966-02-14T00:00:00Z,0.6758,A$
http://www.wikidata.org/entity/Q259502,австралийский доллар,AU$,Австралия,1966-02-14T00:00:00Z,0.6758,AU$
http://www.wikidata.org/entity/Q259502,австралийский доллар,AU$,Австралия,1966-02-14T00:00:00Z,0.6758,A$
http://www.wikidata.org/entity/Q259502,австралийский доллар,AU$,Австралия,1966-02-14T00:00:00Z,0.6758,AUD
http://www.wikidata.org/entity/Q259502,австралийский доллар,AU$,Австралия,1966-02-14T00:00:00Z,0.6758,AU$
http://www.wikidata.org/entity/Q259502,австралийский доллар,AU$,Австралия,1966-02-14T00:00:00Z,0.61699,A$
http://www.wikidata.org/entity/Q259502,австралийский доллар,AU$,Австралия,1966-02-14T00:00:00Z,0.61699,AU$
http://www.wikidata.org/entity/Q259502,австралийский доллар,AU$,Австралия,1966-02-14T00:00:00Z,0.61699,A$
http://www.wikidata.org/entity/Q259502,австралийский доллар,AU$,Австралия,1966-02-14T00:00:00Z,0.61699,AUD
http://www.wikidata.org/entity/Q259502,австралийский доллар,AU$,Австралия,1966-02-14T00:00:00Z,0.61699,AU$
http://www.wikidata.org/entity/Q259502,австралийский доллар,AU$,Australia,1966-02-14T00:00:00Z,0.5349,A$
http://www.wikidata.org/entity/Q259502,австралийский доллар,AU$,Australia,1966-02-14T00:00:00Z,0.5349,AU$
http://www.wikidata.org/entity/Q259502,австралийский доллар,AU$,Australia,1966-02-14T00:00:00Z,0.5349,A$
http://www.wikidata.org/entity/Q259502,австралийский доллар,AU$,Australia,1966-02-14T00:00:00Z,0.5349,AUD
http://www.wikidata.org/entity/Q259502,австралийский доллар,AU$,Australia,1966-02-14T00:00:00Z,0.5349,AU$
http://www.wikidata.org/entity/Q259502,австралийский доллар,AU$,Australia,1966-02-14T00:00:00Z,0.6758,A$
http://www.wikidata.org/entity/Q259502,австралийский доллар,AU$,Australia,1966-02-14T00:00:00Z,0.6758,AU$
http://www.wikidata.org/entity/Q259502,австралийский доллар,AU$,Australia,1966-02-14T00:00:00Z,0.6758,A$
http://www.wikidata.org/entity/Q259502,австралийский доллар,AU$,Australia,1966-02-14T00:00:00Z,0.6758,AUD
http://www.wikidata.org/entity/Q259502,австралийский доллар,AU$,Australia,1966-02-14T00:00:00Z,0.6758,AU$
http://www.wikidata.org/entity/Q259502,австралийский доллар,AU$,Australia,1966-02-14T00:00:00Z,0.61699,A$
http://www.wikidata.org/entity/Q259502,австралийский доллар,AU$,Australia,1966-02-14T00:00:00Z,0.61699,AU$
http://www.wikidata.org/entity/Q259502,австралийский доллар,AU$,Australia,1966-02-14T00:00:00Z,0.61699,A$
http://www.wikidata.org/entity/Q259502,австралийский доллар,AU$,Australia,1966-02-14T00:00:00Z,0.61699,AUD
http://www.wikidata.org/entity/Q259502,австралийский доллар,AU$,Australia,1966-02-14T00:00:00Z,0.61699,AU$
http://www.wikidata.org/entity/Q259502,австралийский доллар,AU$,Австралия,1966-02-14T00:00:00Z,0.5349,A$
http://www.wikidata.org/entity/Q259502,австралийский доллар,AU$,Австралия,1966-02-14T00:00:00Z,0.5349,AU$
http://www.wikidata.org/entity/Q259502,австралийский доллар,AU$,Австралия,1966-02-14T00:00:00Z,0.5349,A$
http://www.wikidata.org/entity/Q259502,австралийский доллар,AU$,Австралия,1966-02-14T00:00:00Z,0.5349,AUD
http://www.wikidata.org/entity/Q259502,австралийский доллар,AU$,Австралия,1966-02-14T00:00:00Z,0.5349,AU$
http://www.wikidata.org/entity/Q259502,австралийский доллар,AU$,Австралия,1966-02-14T00:00:00Z,0.6758,A$
http://www.wikidata.org/entity/Q259502,австралийский доллар,AU$,Австралия,1966-02-14T00:00:00Z,0.6758,AU$
http://www.wikidata.org/entity/Q259502,австралийский доллар,AU$,Австралия,1966-02-14T00:00:00Z,0.6758,A$
http://www.wikidata.org/entity/Q259502,австралийский доллар,AU$,Австралия,1966-02-14T00:00:00Z,0.6758,AUD
http://www.wikidata.org/entity/Q259502,австралийский доллар,AU$,Австралия,1966-02-14T00:00:00Z,0.6758,AU$
http://www.wikidata.org/entity/Q259502,австралийский доллар,AU$,Австралия,1966-02-14T00:00:00Z,0.61699,A$
http://www.wikidata.org/entity/Q259502,австралийский доллар,AU$,Австралия,1966-02-14T00:00:00Z,0.61699,AU$
http://www.wikidata.org/entity/Q259502,австралийский доллар,AU$,Австралия,1966-02-14T00:00:00Z,0.61699,A$
http://www.wikidata.org/entity/Q259502,австралийский доллар,AU$,Австралия,1966-02-14T00:00:00Z,0.61699,AUD
http://www.wikidata.org/entity/Q259502,австралийский доллар,AU$,Австралия,1966-02-14T00:00:00Z,0.61699,AU$
http://www.wikidata.org/entity/Q259502,австралийский доллар,AU$,Australia,1966-02-14T00:00:00Z,0.5349,A$
http://www.wikidata.org/entity/Q259502,австралийский доллар,AU$,Australia,1966-02-14T00:00:00Z,0.5349,AU$
http://www.wikidata.org/entity/Q259502,австралийский доллар,AU$,Australia,1966-02-14T00:00:00Z,0.5349,A$
http://www.wikidata.org/entity/Q259502,австралийский доллар,AU$,Australia,1966-02-14T00:00:00Z,0.5349,AUD
http://www.wikidata.org/entity/Q259502,австралийский доллар,AU$,Australia,1966-02-14T00:00:00Z,0.5349,AU$
http://www.wikidata.org/entity/Q259502,австралийский доллар,AU$,Australia,1966-02-14T00:00:00Z,0.6758,A$
http://www.wikidata.org/entity/Q259502,австралийский доллар,AU$,Australia,1966-02-14T00:00:00Z,0.6758,AU$
http://www.wikidata.org/entity/Q259502,австралийский доллар,AU$,Australia,1966-02-14T00:00:00Z,0.6758,A$
http://www.wikidata.org/entity/Q259502,австралийский доллар,AU$,Australia,1966-02-14T00:00:00Z,0.6758,AUD
http://www.wikidata.org/entity/Q259502,австралийский доллар,AU$,Australia,1966-02-14T00:00:00Z,0.6758,AU$
http://www.wikidata.org/entity/Q259502,австралийский доллар,AU$,Australia,1966-02-14T00:00:00Z,0.61699,A$
http://www.wikidata.org/entity/Q259502,австралийский доллар,AU$,Australia,1966-02-14T00:00:00Z,0.61699,AU$
http://www.wikidata.org/entity/Q259502,австралийский доллар,AU$,Australia,1966-02-14T00:00:00Z,0.61699,A$
http://www.wikidata.org/entity/Q259502,австралийский доллар,AU$,Australia,1966-02-14T00:00:00Z,0.61699,AUD
http://www.wikidata.org/entity/Q259502,австралийский доллар,AU$,Australia,1966-02-14T00:00:00Z,0.61699,AU$
http://www.wikidata.org/entity/Q4916,евро,euro,eurozone,2002-01-01T00:00:00Z,1.95583,€
http://www.wikidata.org/entity/Q4916,евро,euro,eurozone,2002-01-01T00:00:00Z,1.95583,€
http://www.wikidata.org/entity/Q4916,евро,euro,eurozone,2002-01-01T00:00:00Z,1.95583,€
http://www.wikidata.org/entity/Q4916,евро,euro,eurozone,2002-01-01T00:00:00Z,24.5,€
http://www.wikidata.org/entity/Q4916,евро,euro,eurozone,2002-01-01T00:00:00Z,655.957,€
http://www.wikidata.org/entity/Q4916,евро,euró,eurozone,2002-01-01T00:00:00Z,24.5,€
http://www.wikidata.org/entity/Q4916,евро,euro,eurozone,2002-01-01T00:00:00Z,655.957,€
http://www.wikidata.org/entity/Q4916,евро,euro,eurozone,2002-01-01T00:00:00Z,491.96775,€
http://www.wikidata.org/entity/Q4916,евро,euró,eurozone,2002-01-01T00:00:00Z,491.96775,€
http://www.wikidata.org/entity/Q4916,евро,euro,eurozone,2002-01-01T00:00:00Z,655.957,€
http://www.wikidata.org/entity/Q4916,евро,euro,eurozone,2002-01-01T00:00:00Z,7.46038,€
http://www.wikidata.org/entity/Q4916,евро,euro,eurozone,2002-01-01T00:00:00Z,7.46038,€
http://www.wikidata.org/entity/Q4916,евро,euro,eurozone,2002-01-01T00:00:00Z,7.46038,€
http://www.wikidata.org/entity/Q4916,евро,euro,eurozone,2002-01-01T00:00:00Z,24.5,€
http://www.wikidata.org/entity/Q4916,евро,euro,eurozone,2002-01-01T00:00:00Z,1.95583,€
http://www.wikidata.org/entity/Q4916,евро,euró,eurozone,2002-01-01T00:00:00Z,1.95583,€
http://www.wikidata.org/entity/Q4916,евро,euro,eurozone,2002-01-01T00:00:00Z,491.96775,€
http://www.wikidata.org/entity/Q4916,евро,ewro,eurozone,2002-01-01T00:00:00Z,24.5,€
http://www.wikidata.org/entity/Q4916,евро,ewro,eurozone,2002-01-01T00:00:00Z,491.96775,€
http://www.wikidata.org/entity/Q4916,евро,euro,eurozone,2002-01-01T00:00:00Z,1.95583,€
http://www.wikidata.org/entity/Q4916,евро,ewro,eurozone,2002-01-01T00:00:00Z,1.95583,€
http://www.wikidata.org/entity/Q4916,евро,euro,eurozone,2002-01-01T00:00:00Z,24.5,€
http://www.wikidata.org/entity/Q4916,евро,euro,eurozone,2002-01-01T00:00:00Z,491.96775,€
http://www.wikidata.org/entity/Q4916,евро,euro,eurozone,2002-01-01T00:00:00Z,655.957,€
http://www.wikidata.org/entity/Q4916,евро,euró,eurozone,2002-01-01T00:00:00Z,655.957,€
http://www.wikidata.org/entity/Q4916,евро,euro,eurozone,2002-01-01T00:00:00Z,1.95583,€
http://www.wikidata.org/entity/Q4916,евро,euro,eurozone,2002-01-01T00:00:00Z,7.46038,€
http://www.wikidata.org/entity/Q4916,евро,euró,eurozone,2002-01-01T00:00:00Z,7.46038,€
http://www.wikidata.org/entity/Q4916,евро,euro,eurozone,2002-01-01T00:00:00Z,655.957,€
http://www.wikidata.org/entity/Q4916,евро,ewro,eurozone,2002-01-01T00:00:00Z,655.957,€
http://www.wikidata.org/entity/Q4916,евро,euro,eurozone,2002-01-01T00:00:00Z,7.46038,€
http://www.wikidata.org/entity/Q4916,евро,ewro,eurozone,2002-01-01T00:00:00Z,7.46038,€
http://www.wikidata.org/entity/Q4916,евро,euro,eurozone,2002-01-01T00:00:00Z,655.957,€
http://www.wikidata.org/entity/Q4916,евро,euro,eurozone,2002-01-01T00:00:00Z,7.46038,€
http://www.wikidata.org/entity/Q4916,евро,euro,eurozone,2002-01-01T00:00:00Z,24.5,€
http://www.wikidata.org/entity/Q4916,евро,euro,eurozone,2002-01-01T00:00:00Z,491.96775,€
http://www.wikidata.org/entity/Q4916,евро,euras,eurozone,2002-01-01T00:00:00Z,24.5,€
http://www.wikidata.org/entity/Q4916,евро,euras,eurozone,2002-01-01T00:00:00Z,491.96775,€
http://www.wikidata.org/entity/Q4916,евро,euro,eurozone,2002-01-01T00:00:00Z,24.5,€
http://www.wikidata.org/entity/Q4916,евро,euro,eurozone,2002-01-01T00:00:00Z,1.95583,€
http://www.wikidata.org/entity/Q4916,евро,euro,eurozone,2002-01-01T00:00:00Z,491.96775,€
http://www.wikidata.org/entity/Q4916,евро,euras,eurozone,2002-01-01T00:00:00Z,1.95583,€
http://www.wikidata.org/entity/Q4916,евро,euro,eurozone,2002-01-01T00:00:00Z,24.5,€
http://www.wikidata.org/entity/Q4916,евро,euro,eurozone,2002-01-01T00:00:00Z,491.96775,€
http://www.wikidata.org/entity/Q4916,евро,euro,eurozone,2002-01-01T00:00:00Z,1.95583,€
http://www.wikidata.org/entity/Q4916,евро,euro,eurozone,2002-01-01T00:00:00Z,1.95583,€
http://www.wikidata.org/entity/Q4916,евро,eiro,eurozone,2002-01-01T00:00:00Z,24.5,€
http://www.wikidata.org/entity/Q4916,евро,eiro,eurozone,2002-01-01T00:00:00Z,491.96775,€
http://www.wikidata.org/entity/Q4916,евро,euro,eurozone,2002-01-01T00:00:00Z,655.957,€
http://www.wikidata.org/entity/Q4916,евро,euras,eurozone,2002-01-01T00:00:00Z,655.957,€
http://www.wikidata.org/entity/Q4916,евро,eiro,eurozone,2002-01-01T00:00:00Z,1.95583,€
http://www.wikidata.org/entity/Q4916,евро,euro,eurozone,2002-01-01T00:00:00Z,7.46038,€
http://www.wikidata.org/entity/Q4916,евро,euras,eurozone,2002-01-01T00:00:00Z,7.46038,€
http://www.wikidata.org/entity/Q4916,евро,euro,eurozone,2002-01-01T00:00:00Z,655.957,€
http://www.wikidata.org/entity/Q4916,евро,euro,eurozone,2002-01-01T00:00:00Z,7.46038,€
http://www.wikidata.org/entity/Q4916,евро,ευρώ,eurozone,2002-01-01T00:00:00Z,24.5,€
http://www.wikidata.org/entity/Q4916,евро,euro,eurozone,2002-01-01T00:00:00Z,655.957,€
http://www.wikidata.org/entity/Q4916,евро,ευρώ,eurozone,2002-01-01T00:00:00Z,491.96775,€
http://www.wikidata.org/entity/Q4916,евро,euro,eurozone,2002-01-01T00:00:00Z,7.46038,€
http://www.wikidata.org/entity/Q4916,евро,ευρώ,eurozone,2002-01-01T00:00:00Z,1.95583,€
http://www.wikidata.org/entity/Q4916,евро,eiro,eurozone,2002-01-01T00:00:00Z,655.957,€
http://www.wikidata.org/entity/Q4916,евро,eiro,eurozone,2002-01-01T00:00:00Z,7.46038,€
http://www.wikidata.org/entity/Q4916,евро,euro,eurozone,2002-01-01T00:00:00Z,24.5,€
http://www.wikidata.org/entity/Q4916,евро,euro,eurozone,2002-01-01T00:00:00Z,491.96775,€
http://www.wikidata.org/entity/Q4916,евро,Euro,eurozone,2002-01-01T00:00:00Z,24.5,€
http://www.wikidata.org/entity/Q4916,евро,Euro,eurozone,2002-01-01T00:00:00Z,491.96775,€
http://www.wikidata.org/entity/Q4916,евро,ευρώ,eurozone,2002-01-01T00:00:00Z,655.957,€
http://www.wikidata.org/entity/Q4916,евро,euro,eurozone,2002-01-01T00:00:00Z,1.95583,€
http://www.wikidata.org/entity/Q4916,евро,ευρώ,eurozone,2002-01-01T00:00:00Z,7.46038,€
http://www.wikidata.org/entity/Q4916,евро,euro,eurozone,2002-01-01T00:00:00Z,24.5,€
http://www.wikidata.org/entity/Q4916,евро,Euro,eurozone,2002-01-01T00:00:00Z,1.95583,€
http://www.wikidata.org/entity/Q4916,евро,euro,eurozone,2002-01-01T00:00:00Z,491.96775,€
http://www.wikidata.org/entity/Q4916,евро,euro,eurozone,2002-01-01T00:00:00Z,24.5,€
http://www.wikidata.org/entity/Q4916,евро,euro,eurozone,2002-01-01T00:00:00Z,491.96775,€
http://www.wikidata.org/entity/Q4916,евро,евро,eurozone,2002-01-01T00:00:00Z,24.5,€
http://www.wikidata.org/entity/Q4916,евро,euro,eurozone,2002-01-01T00:00:00Z,1.95583,€
http://www.wikidata.org/entity/Q4916,евро,евро,eurozone,2002-01-01T00:00:00Z,491.96775,€
http://www.wikidata.org/entity/Q4916,евро,euro,eurozone,2002-01-01T00:00:00Z,1.95583,€
http://www.wikidata.org/entity/Q4916,евро,евро,eurozone,2002-01-01T00:00:00Z,1.95583,€
http://www.wikidata.org/entity/Q4916,евро,euro,eurozone,2002-01-01T00:00:00Z,655.957,€
http://www.wikidata.org/entity/Q4916,евро,euro,eurozone,2002-01-01T00:00:00Z,7.46038,€
http://www.wikidata.org/entity/Q4916,евро,Euro,eurozone,2002-01-01T00:00:00Z,655.957,€
http://www.wikidata.org/entity/Q4916,евро,Euro,eurozone,2002-01-01T00:00:00Z,7.46038,€
http://www.wikidata.org/entity/Q4916,евро,euro,eurozone,2002-01-01T00:00:00Z,655.957,€
http://www.wikidata.org/entity/Q4916,евро,euro,eurozone,2002-01-01T00:00:00Z,655.957,€
http://www.wikidata.org/entity/Q4916,евро,euro,eurozone,2002-01-01T00:00:00Z,7.46038,€
http://www.wikidata.org/entity/Q4916,евро,euro,eurozone,2002-01-01T00:00:00Z,7.46038,€
http://www.wikidata.org/entity/Q4916,евро,euro,eurozone,2002-01-01T00:00:00Z,24.5,€
http://www.wikidata.org/entity/Q4916,евро,евро,eurozone,2002-01-01T00:00:00Z,655.957,€
http://www.wikidata.org/entity/Q4916,евро,euro,eurozone,2002-01-01T00:00:00Z,24.5,€
http://www.wikidata.org/entity/Q4916,евро,euro,eurozone,2002-01-01T00:00:00Z,491.96775,€
http://www.wikidata.org/entity/Q4916,евро,euro,eurozone,2002-01-01T00:00:00Z,491.96775,€
http://www.wikidata.org/entity/Q4916,евро,euro,eurozone,2002-01-01T00:00:00Z,24.5,€
http://www.wikidata.org/entity/Q4916,евро,евро,eurozone,2002-01-01T00:00:00Z,7.46038,€
http://www.wikidata.org/entity/Q4916,евро,euro,eurozone,2002-01-01T00:00:00Z,491.96775,€
http://www.wikidata.org/entity/Q4916,евро,euras,Еврозона,2002-01-01T00:00:00Z,7.46038,€
http://www.wikidata.org/entity/Q4916,евро,euro,Еврозона,2002-01-01T00:00:00Z,655.957,€
http://www.wikidata.org/entity/Q4916,евро,euro,Еврозона,2002-01-01T00:00:00Z,7.46038,€
http://www.wikidata.org/entity/Q4916,евро,ευρώ,Еврозона,2002-01-01T00:00:00Z,24.5,€
http://www.wikidata.org/entity/Q4916,евро,euro,Еврозона,2002-01-01T00:00:00Z,655.957,€
http://www.wikidata.org/entity/Q4916,евро,ευρώ,Еврозона,2002-01-01T00:00:00Z,491.96775,€
http://www.wikidata.org/entity/Q4916,евро,euro,Еврозона,2002-01-01T00:00:00Z,7.46038,€
http://www.wikidata.org/entity/Q4916,евро,ευρώ,Еврозона,2002-01-01T00:00:00Z,1.95583,€
http://www.wikidata.org/entity/Q4916,евро,eiro,Еврозона,2002-01-01T00:00:00Z,655.957,€
http://www.wikidata.org/entity/Q4916,евро,eiro,Еврозона,2002-01-01T00:00:00Z,7.46038,€
http://www.wikidata.org/entity/Q4916,евро,euro,Еврозона,2002-01-01T00:00:00Z,24.5,€
http://www.wikidata.org/entity/Q4916,евро,euro,Еврозона,2002-01-01T00:00:00Z,491.96775,€
http://www.wikidata.org/entity/Q4916,евро,Euro,Еврозона,2002-01-01T00:00:00Z,24.5,€
http://www.wikidata.org/entity/Q4916,евро,Euro,Еврозона,2002-01-01T00:00:00Z,491.96775,€
http://www.wikidata.org/entity/Q4916,евро,ευρώ,Еврозона,2002-01-01T00:00:00Z,655.957,€
http://www.wikidata.org/entity/Q4916,евро,euro,Еврозона,2002-01-01T00:00:00Z,1.95583,€
http://www.wikidata.org/entity/Q4916,евро,ευρώ,Еврозона,2002-01-01T00:00:00Z,7.46038,€
http://www.wikidata.org/entity/Q4916,евро,euro,Еврозона,2002-01-01T00:00:00Z,24.5,€
http://www.wikidata.org/entity/Q4916,евро,Euro,Еврозона,2002-01-01T00:00:00Z,1.95583,€
http://www.wikidata.org/entity/Q4916,евро,euro,Еврозона,2002-01-01T00:00:00Z,491.96775,€
http://www.wikidata.org/entity/Q4916,евро,euro,Еврозона,2002-01-01T00:00:00Z,24.5,€
http://www.wikidata.org/entity/Q4916,евро,euro,Еврозона,2002-01-01T00:00:00Z,491.96775,€
http://www.wikidata.org/entity/Q4916,евро,евро,Еврозона,2002-01-01T00:00:00Z,24.5,€
http://www.wikidata.org/entity/Q4916,евро,euro,Еврозона,2002-01-01T00:00:00Z,1.95583,€
http://www.wikidata.org/entity/Q4916,евро,евро,Еврозона,2002-01-01T00:00:00Z,491.96775,€
http://www.wikidata.org/entity/Q4916,евро,euro,Еврозона,2002-01-01T00:00:00Z,1.95583,€
http://www.wikidata.org/entity/Q4916,евро,евро,Еврозона,2002-01-01T00:00:00Z,1.95583,€
http://www.wikidata.org/entity/Q4916,евро,euro,Еврозона,2002-01-01T00:00:00Z,655.957,€
http://www.wikidata.org/entity/Q4916,евро,euro,Еврозона,2002-01-01T00:00:00Z,7.46038,€
http://www.wikidata.org/entity/Q4916,евро,Euro,Еврозона,2002-01-01T00:00:00Z,655.957,€
http://www.wikidata.org/entity/Q4916,евро,Euro,Еврозона,2002-01-01T00:00:00Z,7.46038,€
http://www.wikidata.org/entity/Q4916,евро,euro,Еврозона,2002-01-01T00:00:00Z,655.957,€
http://www.wikidata.org/entity/Q4916,евро,euro,Еврозона,2002-01-01T00:00:00Z,655.957,€
http://www.wikidata.org/entity/Q4916,евро,euro,Еврозона,2002-01-01T00:00:00Z,7.46038,€
http://www.wikidata.org/entity/Q4916,евро,euro,Еврозона,2002-01-01T00:00:00Z,7.46038,€
http://www.wikidata.org/entity/Q4916,евро,euro,Еврозона,2002-01-01T00:00:00Z,24.5,€
http://www.wikidata.org/entity/Q4916,евро,евро,Еврозона,2002-01-01T00:00:00Z,655.957,€
http://www.wikidata.org/entity/Q4916,евро,euro,Еврозона,2002-01-01T00:00:00Z,24.5,€
http://www.wikidata.org/entity/Q4916,евро,euro,Еврозона,2002-01-01T00:00:00Z,491.96775,€
http://www.wikidata.org/entity/Q4916,евро,euro,Еврозона,2002-01-01T00:00:00Z,491.96775,€
http://www.wikidata.org/entity/Q4916,евро,euro,Еврозона,2002-01-01T00:00:00Z,24.5,€
http://www.wikidata.org/entity/Q4916,евро,евро,Еврозона,2002-01-01T00:00:00Z,7.46038,€
http://www.wikidata.org/entity/Q4916,евро,euro,Еврозона,2002-01-01T00:00:00Z,491.96775,€
http://www.wikidata.org/entity/Q4916,евро,euro,Еврозона,2002-01-01T00:00:00Z,1.95583,€
http://www.wikidata.org/entity/Q4916,евро,euro,Еврозона,2002-01-01T00:00:00Z,1.95583,€
http://www.wikidata.org/entity/Q4916,евро,euro,Еврозона,2002-01-01T00:00:00Z,1.95583,€
http://www.wikidata.org/entity/Q4916,евро,euro,Еврозона,2002-01-01T00:00:00Z,24.5,€
http://www.wikidata.org/entity/Q4916,евро,euro,Еврозона,2002-01-01T00:00:00Z,655.957,€
http://www.wikidata.org/entity/Q4916,евро,euró,Еврозона,2002-01-01T00:00:00Z,24.5,€
http://www.wikidata.org/entity/Q4916,евро,euro,Еврозона,2002-01-01T00:00:00Z,655.957,€
http://www.wikidata.org/entity/Q4916,евро,euro,Еврозона,2002-01-01T00:00:00Z,491.96775,€
http://www.wikidata.org/entity/Q4916,евро,euró,Еврозона,2002-01-01T00:00:00Z,491.96775,€
http://www.wikidata.org/entity/Q4916,евро,euro,Еврозона,2002-01-01T00:00:00Z,655.957,€
http://www.wikidata.org/entity/Q4916,евро,euro,Еврозона,2002-01-01T00:00:00Z,7.46038,€
http://www.wikidata.org/entity/Q4916,евро,euro,Еврозона,2002-01-01T00:00:00Z,7.46038,€
http://www.wikidata.org/entity/Q4916,евро,euro,Еврозона,2002-01-01T00:00:00Z,7.46038,€
http://www.wikidata.org/entity/Q4916,евро,euro,Еврозона,2002-01-01T00:00:00Z,24.5,€
http://www.wikidata.org/entity/Q4916,евро,euro,Еврозона,2002-01-01T00:00:00Z,1.95583,€
http://www.wikidata.org/entity/Q4916,евро,euró,Еврозона,2002-01-01T00:00:00Z,1.95583,€
http://www.wikidata.org/entity/Q4916,евро,euro,Еврозона,2002-01-01T00:00:00Z,491.96775,€
http://www.wikidata.org/entity/Q4916,евро,ewro,Еврозона,2002-01-01T00:00:00Z,24.5,€
http://www.wikidata.org/entity/Q4916,евро,ewro,Еврозона,2002-01-01T00:00:00Z,491.96775,€
http://www.wikidata.org/entity/Q4916,евро,euro,Еврозона,2002-01-01T00:00:00Z,1.95583,€
http://www.wikidata.org/entity/Q4916,евро,ewro,Еврозона,2002-01-01T00:00:00Z,1.95583,€
http://www.wikidata.org/entity/Q4916,евро,euro,Еврозона,2002-01-01T00:00:00Z,24.5,€
http://www.wikidata.org/entity/Q4916,евро,euro,Еврозона,2002-01-01T00:00:00Z,491.96775,€
http://www.wikidata.org/entity/Q4916,евро,euro,Еврозона,2002-01-01T00:00:00Z,655.957,€
http://www.wikidata.org/entity/Q4916,евро,euró,Еврозона,2002-01-01T00:00:00Z,655.957,€
http://www.wikidata.org/entity/Q4916,евро,euro,Еврозона,2002-01-01T00:00:00Z,1.95583,€
http://www.wikidata.org/entity/Q4916,евро,euro,Еврозона,2002-01-01T00:00:00Z,7.46038,€
http://www.wikidata.org/entity/Q4916,евро,euró,Еврозона,2002-01-01T00:00:00Z,7.46038,€
http://www.wikidata.org/entity/Q4916,евро,euro,Еврозона,2002-01-01T00:00:00Z,655.957,€
http://www.wikidata.org/entity/Q4916,евро,ewro,Еврозона,2002-01-01T00:00:00Z,655.957,€
http://www.wikidata.org/entity/Q4916,евро,euro,Еврозона,2002-01-01T00:00:00Z,7.46038,€
http://www.wikidata.org/entity/Q4916,евро,ewro,Еврозона,2002-01-01T00:00:00Z,7.46038,€
http://www.wikidata.org/entity/Q4916,евро,euro,Еврозона,2002-01-01T00:00:00Z,655.957,€
http://www.wikidata.org/entity/Q4916,евро,euro,Еврозона,2002-01-01T00:00:00Z,7.46038,€
http://www.wikidata.org/entity/Q4916,евро,euro,Еврозона,2002-01-01T00:00:00Z,24.5,€
http://www.wikidata.org/entity/Q4916,евро,euro,Еврозона,2002-01-01T00:00:00Z,491.96775,€
http://www.wikidata.org/entity/Q4916,евро,euras,Еврозона,2002-01-01T00:00:00Z,24.5,€
http://www.wikidata.org/entity/Q4916,евро,euras,Еврозона,2002-01-01T00:00:00Z,491.96775,€
http://www.wikidata.org/entity/Q4916,евро,euro,Еврозона,2002-01-01T00:00:00Z,24.5,€
http://www.wikidata.org/entity/Q4916,евро,euro,Еврозона,2002-01-01T00:00:00Z,1.95583,€
http://www.wikidata.org/entity/Q4916,евро,euro,Еврозона,2002-01-01T00:00:00Z,491.96775,€
http://www.wikidata.org/entity/Q4916,евро,euras,Еврозона,2002-01-01T00:00:00Z,1.95583,€
http://www.wikidata.org/entity/Q4916,евро,euro,Еврозона,2002-01-01T00:00:00Z,24.5,€
http://www.wikidata.org/entity/Q4916,евро,euro,Еврозона,2002-01-01T00:00:00Z,491.96775,€
http://www.wikidata.org/entity/Q4916,евро,euro,Еврозона,2002-01-01T00:00:00Z,1.95583,€
http://www.wikidata.org/entity/Q4916,евро,euro,Еврозона,2002-01-01T00:00:00Z,1.95583,€
http://www.wikidata.org/entity/Q4916,евро,eiro,Еврозона,2002-01-01T00:00:00Z,24.5,€
http://www.wikidata.org/entity/Q4916,евро,eiro,Еврозона,2002-01-01T00:00:00Z,491.96775,€
http://www.wikidata.org/entity/Q4916,евро,euro,Еврозона,2002-01-01T00:00:00Z,655.957,€
http://www.wikidata.org/entity/Q4916,евро,euras,Еврозона,2002-01-01T00:00:00Z,655.957,€
http://www.wikidata.org/entity/Q4916,евро,eiro,Еврозона,2002-01-01T00:00:00Z,1.95583,€
http://www.wikidata.org/entity/Q4916,евро,euro,Еврозона,2002-01-01T00:00:00Z,7.46038,€
http://www.wikidata.org/entity/Q21531507,Белорусский рубль,rubl’u,Belarus,2016-07-01T00:00:00Z,,Br
http://www.wikidata.org/entity/Q39099,китайский юань,Yuan,Китай,1949-01-01T00:00:00Z,0.14840716,¥
http://www.wikidata.org/entity/Q39099,китайский юань,CNY,People's Republic of China,1949-01-01T00:00:00Z,0.14840716,¥
http://www.wikidata.org/entity/Q132643,норвежская крона,NOK,Норвегия,1875-01-01T00:00:00Z,0.64,kr
http://www.wikidata.org/entity/Q132643,норвежская крона,NOK,Норвегия,1875-01-01T00:00:00Z,0.086,kr
http://www.wikidata.org/entity/Q132643,норвежская крона,NOK,Норвегия,1875-01-01T00:00:00Z,0.094,kr
http://www.wikidata.org/entity/Q132643,норвежская крона,NOK,Норвегия,1875-01-01T00:00:00Z,0.99,kr
http://www.wikidata.org/entity/Q132643,норвежская крона,NOK,Норвегия,1875-01-01T00:00:00Z,0.64,kr
http://www.wikidata.org/entity/Q132643,норвежская крона,NOK,Норвегия,1875-01-01T00:00:00Z,0.086,kr
http://www.wikidata.org/entity/Q132643,норвежская крона,NOK,Норвегия,1875-01-01T00:00:00Z,0.094,kr
http://www.wikidata.org/entity/Q132643,норвежская крона,NOK,Норвегия,1875-01-01T00:00:00Z,0.99,kr
http://www.wikidata.org/entity/Q132643,норвежская крона,NOK,Норвегия,1875-01-01T00:00:00Z,0.64,kr
http://www.wikidata.org/entity/Q132643,норвежская крона,NOK,Норвегия,1875-01-01T00:00:00Z,0.086,kr
http://www.wikidata.org/entity/Q132643,норвежская крона,NOK,Норвегия,1875-01-01T00:00:00Z,0.094,kr
http://www.wikidata.org/entity/Q132643,норвежская крона,NOK,Норвегия,1875-01-01T00:00:00Z,0.99,kr
http://www.wikidata.org/entity/Q131723,Биткоин,BTC,Сальвадор,,103331.32,₿
http://www.wikidata.org/entity/Q25417,датская крона,DKK,Denmark,1873-05-27T00:00:00Z,0.13404,kr
http://www.wikidata.org/entity/Q25417,датская крона,DKK,Denmark,1873-05-27T00:00:00Z,0.14216,kr
http://www.wikidata.org/entity/Q41044,российский рубль,RUB,Russia,1992-05-01T00:00:00Z,0.01319,₽
http://www.wikidata.org/entity/Q41044,российский рубль,р.,Россия,1992-05-01T00:00:00Z,0.01319,₽
http://www.wikidata.org/entity/Q41044,российский рубль,rubl’u,Россия,1992-05-01T00:00:00Z,0.01319,₽
http://www.wikidata.org/entity/Q41044,российский рубль,руб.,Россия,1992-05-01T00:00:00Z,0.01319,₽
http://www.wikidata.org/entity/Q25224,фунт стерлингов,GBP (£),Великобритания,1694-07-27T00:00:00Z,1.180998,£
http://www.wikidata.org/entity/Q25224,фунт стерлингов,GBP (£),Великобритания,1694-07-27T00:00:00Z,1.246643,£
http://www.wikidata.org/entity/Q39099,китайский юань,yuan,People's Republic of China,1949-01-01T00:00:00Z,0.14840716,¥
http://www.wikidata.org/entity/Q199471,афгани,AFN,Afghanistan,1923-01-01T00:00:00Z,0.01161,Afs
http://www.wikidata.org/entity/Q199471,афгани,AFN,Afghanistan,1923-01-01T00:00:00Z,0.01161,؋
http://www.wikidata.org/entity/Q132643,норвежская крона,NOK,Норвегия,1875-01-01T00:00:00Z,0.20097674699037321381916112305806218220551882147235564845147416443917438752,kr
http://www.wikidata.org/entity/Q132643,норвежская крона,NOK,Норвегия,1875-01-01T00:00:00Z,0.20097674699037321381916112305806218220551882147235564845147416443917438752,kr
http://www.wikidata.org/entity/Q132643,норвежская крона,NOK,Норвегия,1875-01-01T00:00:00Z,0.20097674699037321381916112305806218220551882147235564845147416443917438752,kr
http://www.wikidata.org/entity/Q81893,украинская гривна,грн,Украина,1996-09-02T00:00:00Z,100000,₴
http://www.wikidata.org/entity/Q25417,датская крона,DKK,Denmark,1873-05-27T00:00:00Z,0.13404,kr.
http://www.wikidata.org/entity/Q25417,датская крона,DKK,Denmark,1873-05-27T00:00:00Z,0.14216,kr.
http://www.wikidata.org/entity/Q81893,украинская гривна,грн,Украина,1996-09-02T00:00:00Z,0.028976,₴
http://www.wikidata.org/entity/Q81893,украинская гривна,грн,Украина,1996-09-02T00:00:00Z,0.036046,₴
http://www.wikidata.org/entity/Q41044,российский рубль,₽,Россия,1992-05-01T00:00:00Z,0.01319,₽
http://www.wikidata.org/entity/Q39099,китайский юань,RMB,Китай,1949-01-01T00:00:00Z,0.14840716,¥
http://www.wikidata.org/entity/Q41044,российский рубль,р.,Russia,1992-05-01T00:00:00Z,0.01319,₽
http://www.wikidata.org/entity/Q41044,российский рубль,rubl’u,Russia,1992-05-01T00:00:00Z,0.01319,₽
http://www.wikidata.org/entity/Q41044,российский рубль,руб.,Russia,1992-05-01T00:00:00Z,0.01319,₽
http://www.wikidata.org/entity/Q25417,датская крона,DKK,Дания,1873-05-27T00:00:00Z,0.13404,kr.
http://www.wikidata.org/entity/Q25417,датская крона,DKK,Дания,1873-05-27T00:00:00Z,0.14216,kr.
http://www.wikidata.org/entity/Q25417,датская крона,DKK,Denmark,1873-05-27T00:00:00Z,0.13404,kr
http://www.wikidata.org/entity/Q25417,датская крона,DKK,Denmark,1873-05-27T00:00:00Z,0.14216,kr
http://www.wikidata.org/entity/Q21531507,Белорусский рубль,rubl’u,Беларусь,2016-07-01T00:00:00Z,,Br
http://www.wikidata.org/entity/Q131723,Биткоин,BTC,Central African Republic,,103331.32,₿
http://www.wikidata.org/entity/Q131723,Биткоин,BTC,Центральноафриканская Республика,,103331.32,₿
http://www.wikidata.org/entity/Q41044,российский рубль,₽,Russia,1992-05-01T00:00:00Z,0.01319,₽
http://www.wikidata.org/entity/Q25417,датская крона,DKK,Дания,1873-05-27T00:00:00Z,0.13404,kr
http://www.wikidata.org/entity/Q25417,датская крона,DKK,Дания,1873-05-27T00:00:00Z,0.14216,kr
http://www.wikidata.org/entity/Q41044,российский рубль,RUB,Россия,1992-05-01T00:00:00Z,0.01319,₽
http://www.wikidata.org/entity/Q122922,шведская крона,SEK,Sweden,1924-01-01T00:00:00Z,0.09718,kr
http://www.wikidata.org/entity/Q172540,болгарский лев,лв.,Bulgaria,1880-06-04T00:00:00Z,0.511291,лв.
http://www.wikidata.org/entity/Q172540,болгарский лев,лев,Bulgaria,1880-06-04T00:00:00Z,0.511291,лв.
http://www.wikidata.org/entity/Q172540,болгарский лев,лева,Bulgaria,1880-06-04T00:00:00Z,0.511291,лв.
http://www.wikidata.org/entity/Q25417,датская крона,DKK,Дания,1873-05-27T00:00:00Z,0.13404,kr.
http://www.wikidata.org/entity/Q25417,датская крона,DKK,Дания,1873-05-27T00:00:00Z,0.14216,kr.
http://www.wikidata.org/entity/Q81893,украинская гривна,грн,Ukraine,1996-09-02T00:00:00Z,2.041191,₴
http://www.wikidata.org/entity/Q39099,китайский юань,CNY,Китай,1949-01-01T00:00:00Z,0.14840716,¥
http://www.wikidata.org/entity/Q39099,китайский юань,Yuan,People's Republic of China,1949-01-01T00:00:00Z,0.14840716,¥
http://www.wikidata.org/entity/Q25417,датская крона,DKK,Дания,1873-05-27T00:00:00Z,0.13404,kr
http://www.wikidata.org/entity/Q25417,датская крона,DKK,Дания,1873-05-27T00:00:00Z,0.14216,kr
http://www.wikidata.org/entity/Q41044,российский рубль,RUB,Russia,1992-05-01T00:00:00Z,0.01319,₽
http://www.wikidata.org/entity/Q132643,норвежская крона,NOK,Норвегия,1875-01-01T00:00:00Z,0.64,kr
http://www.wikidata.org/entity/Q132643,норвежская крона,NOK,Норвегия,1875-01-01T00:00:00Z,0.086,kr
http://www.wikidata.org/entity/Q132643,норвежская крона,NOK,Норвегия,1875-01-01T00:00:00Z,0.094,kr
http://www.wikidata.org/entity/Q132643,норвежская крона,NOK,Норвегия,1875-01-01T00:00:00Z,0.99,kr
http://www.wikidata.org/entity/Q132643,норвежская крона,NOK,Норвегия,1875-01-01T00:00:00Z,0.64,kr
http://www.wikidata.org/entity/Q132643,норвежская крона,NOK,Норвегия,1875-01-01T00:00:00Z,0.086,kr
http://www.wikidata.org/entity/Q132643,норвежская крона,NOK,Норвегия,1875-01-01T00:00:00Z,0.094,kr
http://www.wikidata.org/entity/Q132643,норвежская крона,NOK,Норвегия,1875-01-01T00:00:00Z,0.99,kr
http://www.wikidata.org/entity/Q132643,норвежская крона,NOK,Норвегия,1875-01-01T00:00:00Z,0.64,kr
http://www.wikidata.org/entity/Q132643,норвежская крона,NOK,Норвегия,1875-01-01T00:00:00Z,0.086,kr
http://www.wikidata.org/entity/Q132643,норвежская крона,NOK,Норвегия,1875-01-01T00:00:00Z,0.094,kr
http://www.wikidata.org/entity/Q132643,норвежская крона,NOK,Норвегия,1875-01-01T00:00:00Z,0.99,kr
http://www.wikidata.org/entity/Q25224,фунт стерлингов,GBP (£),United Kingdom,1694-07-27T00:00:00Z,1.180998,£
http://www.wikidata.org/entity/Q81893,украинская гривна,грн,Украина,1996-09-02T00:00:00Z,2.041191,₴
http://www.wikidata.org/entity/Q199471,афгани,AFN,Афганистан,1923-01-01T00:00:00Z,0.01161,Afs
http://www.wikidata.org/entity/Q199471,афгани,AFN,Афганистан,1923-01-01T00:00:00Z,0.01161,؋
http://www.wikidata.org/entity/Q39099,китайский юань,yuan,Китай,1949-01-01T00:00:00Z,0.14840716,¥
http://www.wikidata.org/entity/Q25224,фунт стерлингов,GBP (£),United Kingdom,1694-07-27T00:00:00Z,1.246643,£
http://www.wikidata.org/entity/Q132643,норвежская крона,NOK,Норвегия,1875-01-01T00:00:00Z,0.20097674699037321381916112305806218220551882147235564845147416443917438752,kr
http://www.wikidata.org/entity/Q132643,норвежская крона,NOK,Норвегия,1875-01-01T00:00:00Z,0.20097674699037321381916112305806218220551882147235564845147416443917438752,kr
http://www.wikidata.org/entity/Q132643,норвежская крона,NOK,Норвегия,1875-01-01T00:00:00Z,0.20097674699037321381916112305806218220551882147235564845147416443917438752,kr
http://www.wikidata.org/entity/Q39099,китайский юань,RMB,People's Republic of China,1949-01-01T00:00:00Z,0.14840716,¥
http://www.wikidata.org/entity/Q131723,Биткоин,BTC,El Salvador,,103331.32,₿
http://www.wikidata.org/entity/Q132643,норвежская крона,NOK,Норвегия,1875-01-01T00:00:00Z,0.64,kr
http://www.wikidata.org/entity/Q132643,норвежская крона,NOK,Норвегия,1875-01-01T00:00:00Z,0.086,kr
http://www.wikidata.org/entity/Q132643,норвежская крона,NOK,Норвегия,1875-01-01T00:00:00Z,0.094,kr
http://www.wikidata.org/entity/Q132643,норвежская крона,NOK,Норвегия,1875-01-01T00:00:00Z,0.99,kr
http://www.wikidata.org/entity/Q122922,шведская крона,SEK,Швеция,1924-01-01T00:00:00Z,0.09718,kr
http://www.wikidata.org/entity/Q132643,норвежская крона,NOK,Норвегия,1875-01-01T00:00:00Z,0.64,kr
http://www.wikidata.org/entity/Q132643,норвежская крона,NOK,Норвегия,1875-01-01T00:00:00Z,0.086,kr
http://www.wikidata.org/entity/Q132643,норвежская крона,NOK,Норвегия,1875-01-01T00:00:00Z,0.094,kr
http://www.wikidata.org/entity/Q132643,норвежская крона,NOK,Норвегия,1875-01-01T00:00:00Z,0.99,kr
http://www.wikidata.org/entity/Q132643,норвежская крона,NOK,Норвегия,1875-01-01T00:00:00Z,0.64,kr
http://www.wikidata.org/entity/Q132643,норвежская крона,NOK,Норвегия,1875-01-01T00:00:00Z,0.086,kr
http://www.wikidata.org/entity/Q132643,норвежская крона,NOK,Норвегия,1875-01-01T00:00:00Z,0.094,kr
http://www.wikidata.org/entity/Q132643,норвежская крона,NOK,Норвегия,1875-01-01T00:00:00Z,0.99,kr
http://www.wikidata.org/entity/Q172540,болгарский лев,лв.,Болгария,1880-06-04T00:00:00Z,0.511291,лв.
http://www.wikidata.org/entity/Q172540,болгарский лев,лев,Болгария,1880-06-04T00:00:00Z,0.511291,лв.
http://www.wikidata.org/entity/Q172540,болгарский лев,лева,Болгария,1880-06-04T00:00:00Z,0.511291,лв.
http://www.wikidata.org/entity/Q41044,российский рубль,RUB,Россия,1992-05-01T00:00:00Z,0.01319,₽
http://www.wikidata.org/entity/Q25417,датская крона,DKK,Denmark,1873-05-27T00:00:00Z,0.13404,kr.
http://www.wikidata.org/entity/Q25417,датская крона,DKK,Denmark,1873-05-27T00:00:00Z,0.14216,kr.
http://www.wikidata.org/entity/Q132643,норвежская крона,NOK,Норвегия,1875-01-01T00:00:00Z,0.20097674699037321381916112305806218220551882147235564845147416443917438752,kr
http://www.wikidata.org/entity/Q132643,норвежская крона,NOK,Норвегия,1875-01-01T00:00:00Z,0.20097674699037321381916112305806218220551882147235564845147416443917438752,kr
http://www.wikidata.org/entity/Q132643,норвежская крона,NOK,Норвегия,1875-01-01T00:00:00Z,0.20097674699037321381916112305806218220551882147235564845147416443917438752,kr
http://www.wikidata.org/entity/Q81893,украинская гривна,грн,Ukraine,1996-09-02T00:00:00Z,100000,₴
http://www.wikidata.org/entity/Q81893,украинская гривна,грн,Ukraine,1996-09-02T00:00:00Z,0.028976,₴
http://www.wikidata.org/entity/Q81893,украинская гривна,грн,Ukraine,1996-09-02T00:00:00Z,0.036046,₴
